Crop,AlternatePlantName,Image,GrowInstruction,GrowthSpace,HarvestDuration,CompatiblePlant,IncompatiblePlant,AdditionalInfo,
Basil,,https://drive.google.com/file/d/1g5Qt4D5XWCo5mt8KygzOZWYdYiWPuvxd/view?usp=sharing,"Grow in seed trays, and plant out in 4-6 weeks. Sow seed at a depth approximately three times the diameter of the seed. Best planted at soil temperatures between 64Â°F and 95Â°F. (Show Â°C/cm)",Space plants: 8 - 10 inches apart,Harvest in 10-12 weeks. Pick before flowering.,Compatible with (can grow beside): Tomato,,"Basil is commonly used fresh in cooked recipes. It is generally added at the last moment, as cooking quickly destroys the flavour. Tear rather than chop. The fresh herb can be kept for a short time in plastic bags in the refrigerator, or for a longer period in the freezer, after being blanched quickly in boiling water.",
Beetroot,Beets,https://drive.google.com/file/d/1lplNAD5IyOoG67W_ovvpNXVHu2DlOscn/view?usp=sharing,Easy to grow. Sow in garden. Sow seed at a depth approximately three times the diameter of the seed. Best planted at soil temperatures between 45Â°F and 77Â°F. (Show Â°C/cm),Space plants: 8 - 12 inches apart,Harvest in 7-10 weeks.,"Compatible with (can grow beside): Onions, Silverbeet (Swiss Chard), Lettuce, Cabbage, Dwarf Beans, Dill, Peas. Strawberries","Avoid growing close to: Asparagus, Carrots, Sweetcorn, Spinach","Apart from boiling whole for salads, beetroot roast well, cut in wedges. They also make a tasty salad grated raw with carrot and a little fresh orange juice.",
Borage,"Burrage, Bugloss",https://drive.google.com/file/d/1dHGaAYRTMODK0TR5yluhRbqwVEtc5DDU/view?usp=sharing,Easy to grow. Sow in garden. Sow seed at a depth approximately three times the diameter of the seed. Best planted at soil temperatures between 50Â°F and 77Â°F. (Show Â°C/cm),Space plants: 8 inches apart,"Harvest in 8-10 weeks. Use leaves before flowers appear, otherwise they will be 'hairy'. .","Compatible with (can grow beside): Strawberry, tomatoes, zucchini/squash. Deters pests from many plants.",,Has a slight cucumber taste which goes well in salads and when cooked with silver beet or cabbage. The flowers make a pretty drink decoration when frozen in an iceblock.,
Broad beans,Fava bean,https://drive.google.com/file/d/1XuYX3aSJDIBVfZXis8HdrWJTc7Qam9Us/view?usp=sharing,Easy to grow. Sow in garden. Sow seed at a depth approximately three times the diameter of the seed. Best planted at soil temperatures between 43Â°F and 75Â°F. (Show Â°C/cm),Space plants: 6 - 10 inches apart,Harvest in 12-22 weeks. Pick frequently to encourage more pods.,"Compatible with (can grow beside): Dill, Potatoes",,The fresh beans are eaten steamed or boiled. As the beans mature it is better to remove their tough outer skins after cooking. The leafy top shoots of the adult plants can be picked and steamed after flowering. Small beans can be eaten whole in the pods.,Will freeze well. Remove from pods and blanch.
Broccoli,,https://drive.google.com/file/d/1N98A_Zk6Xk7JfbccwghdU4ifw0KyScRn/view?usp=sharing,"Easy to grow. Grow in seed trays, and plant out in 4-6 weeks. Sow seed at a depth approximately three times the diameter of the seed. Best planted at soil temperatures between 45Â°F and 86Â°F. (Show Â°C/cm)",Space plants: 14 - 20 inches apart,Harvest in 10-16 weeks. Cut flowerhead off with a knife..,"Compatible with (can grow beside): Dwarf (bush) beans, beets, celery, cucumber, onions, marigold, nasturtium, rhubarb, aromatic herbs (sage, dill, chamomile, oregano)","Avoid growing close to: Climbing (pole) beans, tomato, peppers (chilli, capsicum), eggplant (aubergine), strawberry, mustard","The stem (peeled), leaves, and flowerhead are all edible. Steam for best flavour. Peel large stalks, slice and steam. Goes well with blue cheese sauce.",
Brussels sprouts,,https://drive.google.com/file/d/11DDYeJSzDty86Y7dJrcjl4OpumA30b_4/view?usp=sharing,"Grow in seed trays, and plant out in 4-6 weeks. Sow seed at a depth approximately three times the diameter of the seed. Best planted at soil temperatures between 45Â°F and 86Â°F. (Show Â°C/cm)",Space plants: 18 - 24 inches apart,Harvest in 14-28 weeks. Pick sprouts when small. .,"Compatible with (can grow beside): Dwarf (bush) beans, beets, celery, cucumber, onions, marigold, nasturtium, rhubarb, aromatic herbs (sage, dill, chamomile)","Avoid growing close to: Climbing (pole) beans, tomato, peppers (chili, capsicum), eggplant (aubergine), strawberry, mustard",Remove any discoloured outer leaves. Cut in half and steam with other vegetables. Do not overcook as that produces the distinctive smell that puts people off eating Brussels sprouts! They go well with a chopped tomato and onion mix.Traditionally served with roasted chestnuts for Xmas dinner in UK.,
Burdock,Gobo (Japanese Burdock),https://drive.google.com/file/d/1Wjp0XAGuIAeJPbY1AtnmrG4_PgJPycsw/view?usp=sharing,Easy to grow. Sow in garden. Sow seed at a depth approximately three times the diameter of the seed. Best planted at soil temperatures between 50Â°F and 68Â°F. (Show Â°C/cm),Space plants: 24 inches apart,Harvest in 17-18 weeks.,Compatible with (can grow beside): Best grown in separate bed.,,"Harvest in the first year when the burdock root is very crisp and has a sweet, mild, and pungent flavour with a little muddy harshness that can be reduced by soaking julienne/shredded roots in water for five to ten minutes. Immature flower stalks may also be harvested in late spring, before flowers appear; the taste resembles that of artichoke, to which the burdock is related. It is a key ingredient in the traditional Dandelion and Burdock beer.",
Cabbage,,https://drive.google.com/file/d/1mfK7cY6-acwd6gKwniXGqQ4_sGLN1XP4/view?usp=sharing,"Easy to grow. Grow in seed trays, and plant out in 4 weeks. Sow seed at a depth approximately three times the diameter of the seed. Best planted at soil temperatures between 41Â°F and 64Â°F. (Show Â°C/cm)",Space plants: 20 - 30 inches apart,Harvest in 11-15 weeks.,"Compatible with (can grow beside): Dwarf (bush) beans, beets, celery, cucumber, onions, marigold, nasturtium, rhubarb, aromatic herbs (sage, dill, chamomile, thyme)","Avoid growing close to: Climbing (pole) beans, tomato, peppers (chili, capsicum), eggplant (aubergine), strawberry, mustard, parsnip","Young spring cabbage can be chopped and added to salad greens. Steaming preserves the goodness and flavour of cabbage. Can also be used in stir-fry. Red cabbage chopped and cooked with brown sugar, red wine, onions, vinegar and stock is served with boiled bacon or pork.",
Cape Gooseberry,"Golden Berry, Inca Berry",https://drive.google.com/file/d/1I76XKUzQb6nDkVsCElVf2iNwOCw-Mw8_/view?usp=sharing,Easy to grow. Sow in garden. Sow seed at a depth approximately three times the diameter of the seed. Best planted at soil temperatures between 50Â°F and 77Â°F. (Show Â°C/cm),Space plants: 20 inches apart,Harvest in 14-16 weeks.,Compatible with (can grow beside): Will happily grow in a flower border,,"The berry is the size of a cherry tomato, is very aromatic and full of tiny seeds. They are delicious eaten fresh or can be made into jam. They can be added to salads, desserts and cooked dishes, they are delicious stewed with other fruit, especially apples. They also go well in savoury dishes with meat or seafood.",Can be preserved dried.
Capsicum,"Bell peppers, Sweet peppers",https://drive.google.com/file/d/1VtvdBk67k-dLmwvRCJW8r8D_I5ezPEd2/view?usp=sharing,"Grow in seed trays, and plant out in 4-6 weeks. Sow seed at a depth approximately three times the diameter of the seed. Best planted at soil temperatures between 64Â°F and 95Â°F. (Show Â°C/cm)",Space plants: 8 - 20 inches apart,Harvest in 10-12 weeks. Cut fruit off with sharp knife.,"Compatible with (can grow beside): Egg plant (Aubergine), Nasturtiums, Basil, Parsley, Amaranth",,"Can be sliced and seeded and used raw in salads. Or brush with olive oil, roast at a high temperature until the skin changes colour then put in a covered dish until cool and rub off the skin and remove seeds.",Will freeze successfully without blanching if seeded and sliced.
Cardoon,,https://drive.google.com/file/d/1LI9Y7elFJlVzSEEGtRxkJwqmfsNMenSR/view?usp=sharing,"Grow in seed trays, and plant out in 4-6 weeks. Sow seed at a depth approximately three times the diameter of the seed. Best planted at soil temperatures between 55Â°F and 77Â°F. (Show Â°C/cm)",Space plants: 20 - 59 inches apart,Harvest in 34-35 weeks.,Compatible with (can grow beside): Best grown in separate bed.,,"Cut off the base and leaves, then cut the stalks into pieces. Boil the stalks for around 20 minutes until tender: drain, and peel off the surface of the stalks. Add precooked cardoons to a variety of dishes, they go well with mushrooms.",
Carrot,,https://drive.google.com/file/d/1H1cgcAaqCTaeo272P_Nf8v_SfJdRFKo-/view?usp=sharing,Easy to grow. Sow in garden. Sow seed at a depth approximately three times the diameter of the seed. Best planted at soil temperatures between 46Â°F and 86Â°F. (Show Â°C/cm),Space plants: 2 - 12 inches apart,Harvest in 12-18 weeks.,"Compatible with (can grow beside): Onions, Leeks, Lettuce, Sage, Peas, Radishes, Tomatoes, Beans, Celery, Rosemary","Avoid growing close to: Parsnips, Beetroot, Dill, Brassicas, Fennel",Steamed or raw carrots are tasty. Cook them in a small amount of water until nearly dry then add a pat of butter and teasp of brown sugar to glaze. They can be added to most casserole-type dishes. Grate raw carrots and add to salads,
Cauliflower,,https://drive.google.com/file/d/1EcHjNNCV3aARnGeinadR5ijWymD2oGrh/view?usp=sharing,"Grow in seed trays, and plant out in 4-6 weeks. Sow seed at a depth approximately three times the diameter of the seed. Best planted at soil temperatures between 50Â°F and 86Â°F. (Show Â°C/cm)",Space plants: 24 - 39 inches apart,Harvest in 15-22 weeks.,"Compatible with (can grow beside): Dwarf (bush) beans, beets, celery, cucumber, onions, marigold, nasturtium, rhubarb, aromatic herbs (sage, dill, chamomile)","Avoid growing close to: Climbing (pole) beans, tomato, peppers (chili, capsicum), eggplant (aubergine), strawberry, mustard",Cauliflower can be steamed. Young ones can be broken into small pieces and added raw to salad. Cook briefly and add to curry mix. Traditionally served with cheese sauce. Add tomato slices for colour.,
Celeriac,,https://drive.google.com/file/d/1m6susMENrSda_jF4vNbXteLYex3BxiAg/view?usp=sharing,"Grow in seed trays, and plant out in 4-6 weeks. Sow seed at a depth approximately three times the diameter of the seed. Best planted at soil temperatures between 46Â°F and 70Â°F. (Show Â°C/cm)",Space plants: 18 - 31 inches apart,Harvest in 14-28 weeks.,"Compatible with (can grow beside): Beans, brassicas, carrots, leeks, lettuce, peas, sage, tomatoes, onions",,"Cook whole, scrubbed and peeled. Or slice or dice.Tastes like celery.",
Celery,,https://drive.google.com/file/d/1zQoaIRp-lEuOSTH50PeI_YMrMgj1zKMC/view?usp=sharing,"Grow in seed trays, and plant out in 4-6 weeks. Sow seed at a depth approximately three times the diameter of the seed. Best planted at soil temperatures between 54Â°F and 70Â°F. (Show Â°C/cm)",Space plants: 6 - 12 inches apart,Harvest in 17-18 weeks.,Compatible with (can grow beside): Not applicable as celery needs to be close together to encourage blanching.,Avoid growing close to: Sweetcorn,Chop and use raw in salad or braised in hot dishes.,
Chicory,"Witloof, Belgian endive",https://drive.google.com/file/d/11LjnbOHOnUHJAGOl6Lwlgv8JQF90IsTr/view?usp=sharing,Sow in garden. Sow seed at a depth approximately three times the diameter of the seed. Best planted at soil temperatures between 50Â°F and 68Â°F. (Show Â°C/cm),Space plants: 10 - 12 inches apart,Harvest in 16-24 weeks. Will need forcing before final harvest.,"Compatible with (can grow beside): Carrots, onions, Florence fennel, tomatoes.",,Good in salads. Grill lightly with butter. Bake with ham and cheese.,
Chilli peppers,Hot peppers,https://drive.google.com/file/d/1cb5XtX-5jItuoLr5w8q25CF5roFfULVF/view?usp=sharing,"Grow in seed trays, and plant out in 4-6 weeks. Sow seed at a depth approximately three times the diameter of the seed. Best planted at soil temperatures between 64Â°F and 95Â°F. (Show Â°C/cm)",Space plants: 16 - 20 inches apart,Harvest in 9-11 weeks. Wear gloves to pick 'hot' chilies.,Compatible with (can grow beside): Best grown in a separate bed as chillis need plenty of light and air circulation.,,"Wash, dry, and free whole. Use them direct from the freezer (no need to defrost). Wear plastic gloves or wash your hands thoroughly after handling and cutting to avoid accidentally rubbing chilli juice onto your mouth or eyes!",Will freeze well.
Chinese cabbage,"Wong bok, wong nga pak",https://drive.google.com/file/d/1jsM7rVN4D2cEn3XDi22104whXPQB9g3n/view?usp=sharing,Easy to grow. Sow direct in the garden. Sow seed at a depth approximately three times the diameter of the seed. Best planted at soil temperatures between 50Â°F and 68Â°F. (Show Â°C/cm),Space plants: 12 inches apart,Harvest in 8-10 weeks. Harvest whole head or you can take a few leaves at a time.,"Compatible with (can grow beside): Dwarf (bush) beans, beets, celery, cucumber, onions, marigold, nasturtium, rhubarb, aromatic herbs (sage, dill, chamomile, coriander), lettuce, potatoes","Avoid growing close to: Climbing (pole) beans, tomato, peppers (chilli, capsicum), eggplant (aubergine), strawberry, mustard",Use in stir-fry . Has a milder flavour than regular cabbage.Shred the inner leaves and stems to use in coleslaw salad.,
Chives,Garden chives,https://drive.google.com/file/d/1lr5ecciMf0ufHT00b_CbFa5Ohz4RWktX/view?usp=sharing,Easy to grow. Sow in garden. Sow seed at a depth approximately three times the diameter of the seed. Best planted at soil temperatures between 50Â°F and 86Â°F. (Show Â°C/cm),Space plants: 2 inches apart,Harvest in 7-11 weeks.,"Compatible with (can grow beside): Carrots, Tomatoes, Parsley, Apples",,Use raw in salads or as a mild onion flavour in cooked dishes.,
Choko/Chayote,"Chayote squash, christophene, chouchou, mirliton",https://drive.google.com/file/d/1XoaK25a4LdiA8JQ8LyMNC2h3CVWRowEM/view?usp=sharing,Easy to grow. Plant whole mature fruit when one produces a shoot at one end.. Best planted at soil temperatures between 59Â°F and 86Â°F. (Show Â°C/cm),Space plants: 39 inches apart,Harvest in approximately 17 weeks. Best when fruit is light green and not more than 6cm long.,Compatible with (can grow beside): Cucumbers,,"Chokos can be peeled and chopped to use in stews, soup or as a stir fry vegetable. Cooked or raw, it has a very mild flavour and is commonly served with seasonings e.g., salt, butter and pepper or in a dish with other vegetables and/or flavourings. It can also be boiled, stuffed, mashed or pickled",
Climbing beans,"Pole beans, Runner beans, Scarlet Runners",https://drive.google.com/file/d/1bxvCdcaG5dPtSG8mpWwWl0vRKKEn2HPw/view?usp=sharing,Easy to grow. Sow in garden. Sow seed at a depth approximately three times the diameter of the seed. Best planted at soil temperatures between 61Â°F and 86Â°F. (Show Â°C/cm),Space plants: 4 - 8 inches apart,Harvest in 9-11 weeks.,"Compatible with (can grow beside): Sweetcorn, spinach, lettuce, summer savory, dill, carrots, brassicas, beets, radish, strawberry, cucumbers, zucchini, tagates minuta (wild marigold)","Avoid growing close to: Alliums (Chives, leek, garlic, onions), Florence fennel",Use young in salads - blanch and cool.,Will freeze well.
Collards,"Collard greens, Borekale",https://drive.google.com/file/d/1upw4BPl8QAp4oP9yd3GqxpfLrSBmoh1J/view?usp=sharing,"Easy to grow. Grow in seed trays, and plant out in 4-6 weeks. Sow seed at a depth approximately three times the diameter of the seed. Best planted at soil temperatures between 46Â°F and 86Â°F. (Show Â°C/cm)",Space plants: 16 - 20 inches apart,Harvest in 8-11 weeks.,"Compatible with (can grow beside): Dwarf (bush) beans, beets, celery, cucumber, onions, marigold, nasturtium, rhubarb, aromatic herbs (sage, dill, chamomile)","Avoid growing close to: Climbing (pole) beans, tomato, peppers (chili, capsicum), eggplant (aubergine), strawberry, mustard",Slice and steam or use in stir-fry,
Coriander,"Cilantro, Chinese parsley",https://drive.google.com/file/d/18c9yjvgWuThsbr7e_iSROOBAVsJO7MLX/view?usp=sharing,Easy to grow. Sow in garden. Sow seed at a depth approximately three times the diameter of the seed. Best planted at soil temperatures between 50Â°F and 77Â°F. (Show Â°C/cm),Space plants: Thin to 18 inches,Harvest in 30-45 days.,"Compatible with (can grow beside): Dill, Chervil, Anise, Cabbages, Carrots",Avoid growing close to: Fennel,Use the leaves to flavour hot meals or add fresh to salads.,The seeds can be dried and ground up for curries.
Corn Salad,Lamb's lettuce or Mache,https://drive.google.com/file/d/1G8evc4pxOpyEuoiOWwX7bAY-Xn0-UBXL/view?usp=sharing,Easy to grow. Sow in garden. Sow seed at a depth approximately three times the diameter of the seed. Best planted at soil temperatures between 50Â°F and 68Â°F. (Show Â°C/cm),Space plants: 4 - 6 inches apart,Harvest in 5-8 weeks.,Compatible with (can grow beside): Onions,,Pick individual leaves or harvest the whole plant as required,
Cowpeas,"Black eye peas, Southern peas",https://drive.google.com/file/d/1BnkH_nDNUaZm-OOQhUYZY1Dm8K-3k8mP/view?usp=sharing,Easy to grow. When soil begins to warm up. After frosts finish.. Sow seed at a depth approximately three times the diameter of the seed. Best planted at soil temperatures between 59Â°F and 95Â°F. (Show Â°C/cm),Space plants: Rows 1 Metre apart,Harvest in 11-14 weeks.,,,Young leaves can be cooked and used like spinach and are very high in protein. The young pods are edible.,
Cucumber,,https://drive.google.com/file/d/1T0zfpFDIBNGgi4bGukOimyVtP0rtXqwe/view?usp=sharing,Sow in garden. Sow seed at a depth approximately three times the diameter of the seed. Best planted at soil temperatures between 61Â°F and 95Â°F. (Show Â°C/cm),Space plants: 16 - 24 inches apart,Harvest in 8-10 weeks. Cut fruit off with scissors or sharp knife.,"Compatible with (can grow beside): Nasturtiums, Beans, Celery, Lettuce, Sweet Corn, Cabbages, Sunflowers, Coriander, Fennel, Dill, Sunflowers","Avoid growing close to: Potato, Tomatoes","Pick frequently before the fruit become too big. Use raw in salads, peeled if preferred.",
Daikon,"Japanese radish, Lo Bok",https://drive.google.com/file/d/1UKAb2Rt2Hq9bM8KtgutjA7LOUJvUQ-M-/view?usp=sharing,Easy to grow. Direct in garden. Sow seed at a depth approximately three times the diameter of the seed. Best planted at soil temperatures between 50Â°F and 68Â°F. (Show Â°C/cm),Space plants: 6 inches apart,Harvest in 8-10 weeks. Dig daikon carefully. They are rather brittle..,"Compatible with (can grow beside): Chervil, cress,lettuce, leeks, spinach, strawberries, tomatoes","Avoid growing close to: Gherkins, hyssop","Daikon radish can be eaten simmered, stir fried, grated, pickled or baked. Its leaves are also edible and can be used in recipes that call for turnip greens, and its seeds make sprouts to eat in salads or in sandwiches.",
Dill,,https://drive.google.com/file/d/1cs0HBngDkwkDEgvmIdSpLlfqHUfD19Qv/view?usp=sharing,Easy to grow. Sow in garden. Sow seed at a depth approximately three times the diameter of the seed. Best planted at soil temperatures between 50Â°F and 68Â°F. (Show Â°C/cm),Space plants: 6 inches apart,Harvest in 8-12 weeks. Use leaves before flowering.,"Compatible with (can grow beside): Cabbage, Coriander, Fennel, tomatoes, broccoli",,"Dill leaves can be used fresh or dried in salads, meats, vegetable dishes and soups. Freshly cut leaves enhance the flavour of dips, herb butter, soups, salads, fish dishes, and salads. Both the flowering heads and seeds are used in flavoured vinegars and oils. Used whole or ground, the seeds add zest to bread, cheese, and salad dressing.",
Dwarf beans,"French beans, Bush beans",https://drive.google.com/file/d/1ThVvBXimaTL88PIRvSqcfg93BprvUG61/view?usp=sharing,Easy to grow. Sow in garden. Sow seed at a depth approximately three times the diameter of the seed. Best planted at soil temperatures between 61Â°F and 86Â°F. (Show Â°C/cm),Space plants: 2 - 6 inches apart,Harvest in 7-10 weeks. Pick often to encourage more flower production.,"Compatible with (can grow beside): Sweetcorn, spinach, lettuce, summer savory, dill, carrots, brassicas, beets, radish, strawberry and cucumbers, tagates minuta (wild marigold)","Avoid growing close to: Alliums (Chives, leek, garlic, onions) Sunflower","Can be used in salads when young, blanched and cooled.",Will freeze well.
Eggplant,Aubergine,https://drive.google.com/file/d/19rCPzh9QlXAQn1ELUz_shonP6gCSLPgW/view?usp=sharing,"Grow in seed trays, and plant out in 4-6 weeks. Sow seed at a depth approximately three times the diameter of the seed. Best planted at soil temperatures between 75Â°F and 90Â°F. (Show Â°C/cm)",Space plants: 24 - 30 inches apart,Harvest in 12-15 weeks. Cut fruit with scissors or sharp knife.,"Compatible with (can grow beside): Beans, capsicum, lettuce, amaranth, thyme",Avoid growing close to: Potatoes,"Cut and use the same day if possible. Slice, no need to peel, and fry in olive oil. Brush with oil and grill or bake. Or microwave,plain, for about 4 minutes on high. Makes a good substitute for pasta in lasagne or moussaka. Can be smoked over a gas ring or barbecue, cooled and peeled and used to make dips.",
Endive,,https://drive.google.com/file/d/1z4m2Th2yedIfHBxXj_hnA0n7ORG77j9Q/view?usp=sharing,Easy to grow. Sow in garden. Sow seed at a depth approximately three times the diameter of the seed. Best planted at soil temperatures between 59Â°F and 77Â°F. (Show Â°C/cm),Space plants: 8 - 12 inches apart,Harvest in 10-11 weeks.,"Compatible with (can grow beside): beans, brassicas, carrots, cucumbers, chervil, sage.",Avoid growing close to: Alliums (garlic and onions),"Very tasty topped with grated swiss cheese and grilled for a couple of minutes to crisp up the cheese and wilt the leaves. Can use in salads additional to lettuce, but needs a flavoursome dressing if you aren't overly fond of bitterness.",
Fennel,Bronze fennel,https://drive.google.com/file/d/10tzksv6oYmLay9lEPwF6N8H0-1NWq-Hp/view?usp=sharing,Easy to grow. Sow in garden. Sow seed at a depth approximately three times the diameter of the seed. Best planted at soil temperatures between 50Â°F and 77Â°F. (Show Â°C/cm),Space plants: Thin to 12 inches,Harvest in 14-15 weeks.,Compatible with (can grow beside): Best grown away from vegetables,,Cut off leaves as required Use leaves fresh or dried . Particularly good with fish. The seeds can be used in pickling mixes.,
French tarragon,,https://drive.google.com/file/d/1gOxSWRmxQAOIj8RJTqD69PEDEyCOSvfp/view?usp=sharing,Plant cuttings or root division. Best planted at soil temperatures between 50Â°F and 77Â°F. (Show Â°C/cm),Space plants: 16 - 24 inches apart,Harvest in 30-40 days. Pick leaves when young for best flavour.,Compatible with (can grow beside): Aubergine (Eggplant) and Capsicum (Peppers),,"Tarragon goes well with fish, pork, beef, poultry, game, potatoes, tomatoes, carrots, and most vegetables.Ã‚ Tarragon can be used in cream sauces, herbed butters and vinegars, soups, sour creams, and yogurt. However, it can be overpowering in large amounts.",
Garlic,,https://drive.google.com/file/d/1b7I7s4-0YRBIf8fMeE3UqGGmpR4w1czk/view?usp=sharing,Easy to grow. Plant cloves. Best planted at soil temperatures between 50Â°F and 95Â°F. (Show Â°C/cm),Space plants: 4 - 5 inches apart,Harvest in 17-25 weeks.,"Compatible with (can grow beside): Beets, Carrots, Cucumbers, Dill, Tomatoes, Parsnips","Avoid growing close to: Asparagus, Beans, Brassicas, Peas, Potatoes",Cut the growing shoots or use the entire young garlic plants as 'garlic greens' in stirfry.,
Ginger,,https://drive.google.com/file/d/1Q6-TJDay1n7wCUwYlH_HuG0z_gVnMz-9/view?usp=sharing,Plant pieces of fresh root showing signs of shoots. Best planted at soil temperatures between 20Â°C and 30Â°C. (Show Â°F/in),Space plants: 15 cm apart,Harvest in approximately 25 weeks. Reduce water as plant dies back to encourage rhizome growth.,Compatible with (can grow beside): Grow in separate bed,,"Use in any recipes requiring fresh ginger. Widely used in Asian cooking, it is hot without the 'burn' of chilli.","Ginger root freezes well either whole or grated, and can be used direct from the freezer in most recipes requiring fresh ginger."
Horseradish,,https://drive.google.com/file/d/1aZnvwIiEtXMFqtXqPwtBJqk8Y_jB0BGt/view?usp=sharing,Easy to grow. Plant root pieces. Best planted at soil temperatures between 50Â°F and 77Â°F. (Show Â°C/cm),Space plants: 20 inches apart,Harvest in 16-24 weeks. Some improvement in flavour if left till after frost..,Compatible with (can grow beside): Best kept separate,,"Strong, spicy flavour traditionally used with roast beef. Used grated for horseradish sauce or horseradish cream",
Jerusalem Artichokes,Sunchoke,https://drive.google.com/file/d/1cJ2vCrmZOsniNlh8oOzQUK2U7gPeogxv/view?usp=sharing,"Easy to grow. Plant tubers about 5cm (1.5"") deep.. Best planted at soil temperatures between 46Â°F and 59Â°F. (Show Â°C/cm)",Space plants: 12 - 18 inches apart,Harvest in 15-20 weeks.,"Compatible with (can grow beside): Tomatoes, cucumbers",,"Scrape clean or peel (add a tsp of lemon or vinegar to the water to stop the tubers browning). Steam, boil, or use in artichoke soup (make with artichokes and some stock). Caution - because they contain 'resistent starch' Jerusalem Artichokes are a great promoter of flatulence in some individuals.",
Kale,Borecole,https://drive.google.com/file/d/1psSv-6VruYsCmLFOUlry2lkD0f4GBfkk/view?usp=sharing,"Easy to grow. Grow in seed trays, and plant out in 4-6 weeks. Sow seed at a depth approximately three times the diameter of the seed. Best planted at soil temperatures between 46Â°F and 86Â°F. (Show Â°C/cm)",Space plants: 20 - 39 inches apart,Harvest in 7-9 weeks.,"Compatible with (can grow beside): Dwarf (bush) beans, beets, celery, cucumber, onions, marigold, nasturtium, rhubarb, aromatic herbs (sage, dill, camomile)","Avoid growing close to: Climbing (pole) beans, tomato, peppers (chilli, capsicum), eggplant (aubergine), strawberry, mustard",Strong flavoured and nutritious vegetable. Wash well and chop finely then steam. A tomato or cheese sauce will mask the flavour if too strong.,
Kohlrabi,,https://drive.google.com/file/d/1UB_NSrpeoD7bROMkqW7uOFCgdm0ohhzx/view?usp=sharing,Easy to grow. Sow in garden. Sow seed at a depth approximately three times the diameter of the seed. Best planted at soil temperatures between 46Â°F and 86Â°F. (Show Â°C/cm),Space plants: 4 - 10 inches apart,Harvest in 7-10 weeks.,"Compatible with (can grow beside): Beets, celery, cucumber, onions, marigold, nasturtium, rhubarb, aromatic herbs (sage, dill, chamomile)","Avoid growing close to: Climbing (pole) beans, tomato, peppers (chilli, capsicum), eggplant (aubergine), strawberry, mustard","Use when young. Scrub well, cut off leaf stalks, roots and woody parts. Young ones do not need peeling. Can be grated raw for salads or cut in pieces and steam. Use in casseroles.",
Leeks,,https://drive.google.com/file/d/1cohRjX6N0i0ktrV-UT1heb41tFQ5bpHp/view?usp=sharing,"Easy to grow. Grow in seed trays, and plant out in 4-6 weeks. Sow seed at a depth approximately three times the diameter of the seed. Best planted at soil temperatures between 46Â°F and 86Â°F. (Show Â°C/cm)",Space plants: 4 - 8 inches apart,Harvest in 15-18 weeks. Loosen with a fork rather than pull by hand..,Compatible with (can grow beside): Carrots,,"Trim off the roots and any damaged leaves. Young ones can be used whole with some of the green leaves. Wash thoroughly as the earth tends to get inside. Chop and fry in butter (or olive oil) until tender. Can be added to casserole meals, allowing time to cook through. Leek and mushroom make a tasty combination for a tart filling.",
Lemon Balm,Sweet balm,https://drive.google.com/file/d/1cohRjX6N0i0ktrV-UT1heb41tFQ5bpHp/view?usp=sharing,Easy to grow. Sow in garden. Sow seed at a depth approximately three times the diameter of the seed. Best planted at soil temperatures between 50Â°F and 77Â°F. (Show Â°C/cm),Space plants: 10 inches apart,Harvest in 8-10 weeks. Cut back tall stems to prevent flowering.,Compatible with (can grow beside): Good to attract bees,,"As a herb tea or added to fruit punch. Can be used to replace lemon, used sparingly, in desserts and with stewed fruit. Chop leaves into salad. Better used fresh than dried.",
Lettuce,,https://drive.google.com/file/d/1GYRp9QP7gNp6FPDGC9OfJs06jaSQLrqj/view?usp=sharing,"Easy to grow. Sow in garden, or start in seed trays and plant out in 4-6 weeks.. Sow seed at a depth approximately three times the diameter of the seed. Best planted at soil temperatures between 8Â°C and 27Â°C. (Show Â°F/in)",Space plants: 20 - 30 cm apart,Harvest in 8-12 weeks.,"Compatible with (can grow beside): Carrots, Onions, Strawberries, Beets, Brassicas, Radish, Marigold, Borage, Chervil, Florence fennel, leeks.","Avoid growing close to: Parsley, Celery","Wash well, spin or shake dry and use in salads and sandwiches",
Luffa,"Loofah, plant sponge",https://drive.google.com/file/d/13ye8vs1fm0Pnzwqtd_g14pDv9x-6QJ2n/view?usp=sharing,"Grow in seed trays, and plant out in 4-6 weeks. Sow seed at a depth approximately three times the diameter of the seed. Best planted at soil temperatures between 68Â°F and 86Â°F. (Show Â°C/cm)",Space plants: 18 - 30 inches apart,Harvest in 11-12 weeks. Use as a back scratcher.,"Compatible with (can grow beside): Peas, Beans, Onions, Sweetcorn",Avoid growing close to: Potatoes,The luffa flowers and fruits are soft and edible when young and are sometimes cooked and eaten like squash or okra. Loofah has been an important food source in many Asian cultures. The leaves and vines should not be eaten.,
Marrow,,https://drive.google.com/file/d/19FcZuGTi-8RLWlZSuF-NfCaSumgaJxUW/view?usp=sharing,"Grow in seed trays, and plant out in 4-6 weeks. Sow seed at a depth approximately three times the diameter of the seed. Best planted at soil temperatures between 68Â°F and 95Â°F. (Show Â°C/cm)",Space plants: 35 - 47 inches apart,Harvest in 12-17 weeks.,"Compatible with (can grow beside): Peas, Beans, Onions, Sweetcorn",Avoid growing close to: Potatoes,"Good, cut in thick slices, seeds removed and stuffed with mince or spicy vegetable mix then baked in the oven",
Mint,Garden mint,https://drive.google.com/file/d/1Bc5iFYSdFr3HWU0GEVKszjpP3WUS7cin/view?usp=sharing,Easy to grow. Grow in trays and plant out or start from cuttings. Sow seed at a depth approximately three times the diameter of the seed. Best planted at soil temperatures between 70Â°F and 75Â°F. (Show Â°C/cm),Space plants: 12 inches apart,Harvest in 8-12 weeks. Cut leaves from top with scissors.,"Compatible with (can grow beside): Cabbages, Tomatoes",,Mint adds a fresh flavour if chopped and sprinkled over salads. And is traditionally used mixed with vinegar and sugar to make mint sauce for lamb.,
Mizuna,"Japanese Greens, Mitzuna, Mibuna",https://drive.google.com/file/d/1sKCt0ZINIGT5aZUo58v-N8tojDBXfK2a/view?usp=sharing,Easy to grow. Sow in garden. Sow seed at a depth approximately three times the diameter of the seed. Best planted at soil temperatures between 50Â°F and 86Â°F. (Show Â°C/cm),Space plants: 6 - 8 inches apart,Harvest in 35-50 days.,"Compatible with (can grow beside): Radish, lettuce",,"Leaves used raw, stir-fried, in soups. Young flowering stems can be cooked like broccoli.",
Mustard greens,Gai choy,https://drive.google.com/file/d/1YOh6caPs5hpz81a3jCz7sUwqp-7wrshg/view?usp=sharing,Easy to grow. Sow in garden. Sow seed at a depth approximately three times the diameter of the seed. Best planted at soil temperatures between 50Â°F and 95Â°F. (Show Â°C/cm),Space plants: 14 - 24 inches apart,Harvest in 5-8 weeks.,"Compatible with (can grow beside): Dwarf (bush) beans, beets, celery, cucumber, onions, marigold, nasturtium, rhubarb, aromatic herbs (sage, dill, camomile)","Avoid growing close to: Climbing (pole) beans, tomato, peppers (chilli, capsicum), eggplant (aubergine), strawberry",Use young leaves in salad for a 'spicy kick'. Add to stir fry.,
Okra,"Ladyfinger, gumbo",https://drive.google.com/file/d/1D-UYqBhYOtSZkxbXfm4jM1acUUnr0vBr/view?usp=sharing,"Grow in seed trays, and plant out in 4-6 weeks. Sow seed at a depth approximately three times the diameter of the seed. Best planted at soil temperatures between 68Â°F and 95Â°F. (Show Â°C/cm)",Space plants: 14 - 24 inches apart,Harvest in 11-14 weeks.,"Compatible with (can grow beside): Peppers (Capsicum, Chili), Eggplant (Aubergine)",,Use pods fresh or dried in soups or casseroles or as a boiled vegetable.,
Onion,,https://drive.google.com/file/d/1HK_Iqp7Mvz5HMpJJ-7aYs30JBfxoEZ3r/view?usp=sharing,"Easy to grow. Grow in seed trays, and plant out in 4-6 weeks. Sow seed at a depth approximately three times the diameter of the seed. Best planted at soil temperatures between 46Â°F and 86Â°F. (Show Â°C/cm)",Space plants: 2 - 4 inches apart,Harvest in 25-34 weeks. Allow onions to dry before storing.,"Compatible with (can grow beside): Lemon Balm, Borage, Carrots, Beets, Silverbeet, Lettuce, Amaranth","Avoid growing close to: Peas, Beans",Brown onions roasted whole with other vegetables are delicious. Red onions add colour to salads or stir-fry.,
Oregano,Pot Marjoram,https://drive.google.com/file/d/1q7jIIVW4XRLKQM-SzXxfxa6Xj5Jxkmz-/view?usp=sharing,"Sow in garden, or start in seed trays. Sow seed at a depth approximately three times the diameter of the seed. Best planted at soil temperatures between 64Â°F and 77Â°F. (Show Â°C/cm)",Space plants: 6 inches apart,Harvest in 6-8 weeks. When flowers appear.,Compatible with (can grow beside): Broccoli,,"Used to flavour tomato dishes, soups, sauces and Greek dishes like moussaka",
Pak Choy,Pak choi,https://drive.google.com/file/d/1PJ4edQVSz4VqOwcSew-oGfcpysbdrrLB/view?usp=sharing,Easy to grow. Sow in garden. Sow seed at a depth approximately three times the diameter of the seed. Best planted at soil temperatures between 70Â°F and 86Â°F. (Show Â°C/cm),Space plants: 12 - 16 inches apart,Harvest in 6-11 weeks.,"Compatible with (can grow beside): Dwarf (bush) beans, beets, celery, cucumber, onions, marigold, nasturtium, rhubarb, aromatic herbs (sage, dill, chamomile, coriander), lettuce, potatoes","Avoid growing close to: Climbing (pole) beans, tomato, peppers (chili, capsicum), eggplant (aubergine), strawberry, mustard","You can treat Pak Choy as ""cut and come again "" or use the whole plant in one go, whichever suits your needs.",
Parsley,Curly leaf parsley or flat leaf (Italian) parsley,https://drive.google.com/file/d/1kziEg1Za-8NbYa9G0R1UVGjH2xS8cT1L/view?usp=sharing,Easy to grow. Sow in garden. Sow seed at a depth approximately three times the diameter of the seed. Best planted at soil temperatures between 50Â°F and 86Â°F. (Show Â°C/cm),Space plants: 8 - 12 inches apart,Harvest in 9-19 weeks. Cut stalks from outer part of plant.,"Compatible with (can grow beside): Carrots, Chives, Tomatoes, Asparagus",Avoid growing close to: Potatoes,"Use the leaves and stems to add flavour and colour. Can be cooked in dishes such as ratatouille, Traditionally used in white sauce.",
Parsnip,,https://drive.google.com/file/d/1wuysNwuDj8t9p9xJWhRfElkg9SbkrsYK/view?usp=sharing,Sow in garden. Sow seed at a depth approximately three times the diameter of the seed. Best planted at soil temperatures between 43Â°F and 70Â°F. (Show Â°C/cm),Space plants: 3 - 4 inches apart,Harvest in 17-20 weeks. Best flavour if harvested after a frost..,"Compatible with (can grow beside): Swiss Chard (Silverbeet), Capsicum, Peas, Potatoes, Beans, Radishes, Garlic","Avoid growing close to: Carrot, Celery, Brassicas",Peel and roast with vegetables or meat. The sweetish flavour of parsnips enhances most other vegetables.,
Peas,,https://drive.google.com/file/d/14Sv6muoAEVE5QtoBItEFf0eFklGNDi2P/view?usp=sharing,Easy to grow. Sow in garden. Sow seed at a depth approximately three times the diameter of the seed. Best planted at soil temperatures between 8Â°C and 24Â°C. (Show Â°F/in),Space plants: 5 - 8 cm apart,Harvest in 9-11 weeks. Pick the pods every day to increase production.,Compatible with (can grow beside): Potatoes,,Raw straight from the pod in the garden is best! Raw in salads. Steamed lightly. Small pods can be steamed whole.,
Potato,,https://drive.google.com/file/d/1WaEXatM9DOJYSIwowl-nZBrc9LpJFQja/view?usp=sharing,Plant tuber. Best planted at soil temperatures between 50Â°F and 86Â°F. (Show Â°C/cm),Space plants: 12 - 16 inches apart,"Harvest in 15-20 weeks. Dig carefully, avoid damaging the potatoes.","Compatible with (can grow beside): Peas, Beans, Brassicas, Sweetcorn, Broad Beans, Nasturtiums, Marigolds","Avoid growing close to: Cucumber, Pumpkin, Sunflowers, Tomatoes, Rosemary","Peeled or unpeeled and scrubbed, potatoes can be boiled, baked, fried and roasted. - The only way they are not used is raw. Keep in a pot of cold water after peeling, otherwise they will discolour.",
Pumpkin,,https://drive.google.com/file/d/1szlUhWU3fBhPGxGkPHO9BwxMb2zpo-1N/view?usp=sharing,Easy to grow. Sow in garden. Sow seed at a depth approximately three times the diameter of the seed. Best planted at soil temperatures between 68Â°F and 90Â°F. (Show Â°C/cm),Space plants: 35 - 47 inches apart,Harvest in 15-20 weeks.,Compatible with (can grow beside): Sweet Corn,Avoid growing close to: Potatoes,"Cut up, remove the skin and roast with other vegetables or meat. Young crisp shoots with young leaves can be cooked and eaten - stewed in coconut milk they are popular in Melanesia. Remove any strings and tough parts and stew until tender, or cook as a vegetable in boiling water 3-5 minutes.",
Radish,,https://drive.google.com/file/d/1_dpcL66hx1ogAonOW7vqm-CX2SQqcdF-/view?usp=sharing,Easy to grow. Sow in garden. Sow seed at a depth approximately three times the diameter of the seed. Best planted at soil temperatures between 46Â°F and 86Â°F. (Show Â°C/cm),Space plants: 1 - 2 inches apart,Harvest in 5-7 weeks.,"Compatible with (can grow beside): Chervil, cress,lettuce, leeks, spinach, strawberries, tomatoes","Avoid growing close to: Hyssop, gherkins",Wash well and remove leaves and roots. Use raw in salads or on their own with bread and butter.,
Rhubarb,,https://drive.google.com/file/d/15PyZcjteYasKzeW9dU8Fa5lsPTaKH_jh/view?usp=sharing,Easy to grow. Plant pieces of rhizome or roots 8 - 10 cm (3 - 4 in.) deep. Best planted at soil temperatures between 41Â°F and 68Â°F. (Show Â°C/cm),Space plants: 35 inches apart,Harvest in approximately 1 years. You will have a stronger plant if you leave it for about a year before using..,"Compatible with (can grow beside): Brassicas (Cabbage, Broccoli, Cauliflower, etc)",,"Pick stems about the thickness of your finger. Large stems will have tough 'strings' down the length of them. Use in pies, crumbles, fools and jams. Rhubarb goes well with orange. Will usually need sweetener.",
Rocket,Arugula/Rucola,https://drive.google.com/file/d/1mfZYDfWns4XxTaPJvwM48QFSMHNxSYNE/view?usp=sharing,Easy to grow. Sow in garden. Sow seed at a depth approximately three times the diameter of the seed. Best planted at soil temperatures between 50Â°F and 77Â°F. (Show Â°C/cm),Space plants: 6 - 8 inches apart,Harvest in 21-35 days.,Compatible with (can grow beside): Lettuce,,Use in salads and stir-fry,
Rockmelon,Canteloupe,https://drive.google.com/file/d/1k-YAtsjWRfx8vOjuZ6DU24o_XPKZFz_c/view?usp=sharing,"Grow in seed trays, and plant out in 4-6 weeks. Sow seed at a depth approximately three times the diameter of the seed. Best planted at soil temperatures between 68Â°F and 90Â°F. (Show Â°C/cm)",Space plants: 16 - 24 inches apart,Harvest in 10-16 weeks.,"Compatible with (can grow beside): Sweetcorn, Sunflowers",Avoid growing close to: Potatoes,Cut in half and scoop out and discard the seeds. Sprinkle with some ground ginger or serve plain.,
Rosella,"Queensland Jam Plant, Roselle",https://drive.google.com/file/d/1cBLZPGwaH9-pkPwXE8jzvggPTk3jkyZd/view?usp=sharing,"Sow in garden, or start in seed trays. Sow seed at a depth approximately three times the diameter of the seed. Best planted at soil temperatures between 20Â°C and 35Â°C. (Show Â°F/in)",Space plants: 140 cm apart,Harvest in 21-25 weeks.,"Compatible with (can grow beside): Feverfew, Coriander, Nasturtium and Hyssop",,"The large flowers produce a crimson enlarged calyx. Use the fleshy red calyx, without the green seed pod to make jam or jelly.",
Rosemary,,https://drive.google.com/file/d/1agFLSwMYUTpPa31CmerGwWvNw8Eh5PJ3/view?usp=sharing,Easy to grow. Plant cuttings . Best planted at soil temperatures between 59Â°F and 68Â°F. (Show Â°C/cm),Space plants: 39 - 59 inches apart,"Harvest in approximately 1 years. In warmer areas, harvest time might be shorter.","Compatible with (can grow beside): Beans, Carrots, Cabbages, Sage",Avoid growing close to: Potatoes,"Leaves sprinkled on roast potatoes, meat and barbeque food make them extra tasty. Rosemary can also be used to add flavour to vinegars and oils.",
Rutabaga,Swedes,https://drive.google.com/file/d/1q2osuhxGVovMt9p4ImLY6Kwr1fXHJ6yz/view?usp=sharing,Easy to grow. Sow in garden. Sow seed at a depth approximately three times the diameter of the seed. Best planted at soil temperatures between 45Â°F and 77Â°F. (Show Â°C/cm),Space plants: 4 - 8 inches apart,Harvest in 10-14 weeks.,"Compatible with (can grow beside): Peas, Beans, Chives",Avoid growing close to: Potatoes,Use when about the size of a tennis ball. The leaves can be cooked like cabbage when young.,
Sage,Common Sage,https://drive.google.com/file/d/1q1v7Yb_xleOuCwhahxUkuxP4RXsT8GA2/view?usp=sharing,Sow in garden. Sow seed at a depth approximately three times the diameter of the seed. Best planted at soil temperatures between 50Â°F and 77Â°F. (Show Â°C/cm),Space plants: 20 inches apart,Harvest in approximately 18 months. Time reduced if grown from cuttings.,"Compatible with (can grow beside): Broccoli, Cauliflower, Rosemary, Cabbage and Carrots",,The leaves are used to flavour stuffing and meat dishes. Sage keeps well if dried.,
Salsify,Vegetable oyster,https://drive.google.com/file/d/14X3zkcb8sLq1i4ktILjbDCmDSDYlBX2N/view?usp=sharing,Easy to grow. Sow in garden. Sow seed at a depth approximately three times the diameter of the seed. Best planted at soil temperatures between 50Â°F and 86Â°F. (Show Â°C/cm),Space plants: 6 - 8 inches apart,Harvest in 14-21 weeks.,"Compatible with (can grow beside): Beans, Brassicas, Carrots, Celeriac, Endive, Kohl-rabi, Leeks, Lettuce, Alliums, Spinach",,Wash and scrape the roots then boil before frying or roasting. They can also be used to make a creamed soup.,
Savory - summer savory,Bean Herb,https://drive.google.com/file/d/1w1F_452ea1bjGCNWf3bpUgy9-wI3Pwv9/view?usp=sharing,Easy to grow. Sow in Garden. Lightly cover.. Sow seed at a depth approximately three times the diameter of the seed. Best planted at soil temperatures between 64Â°F and 86Â°F. (Show Â°C/cm),Space plants: 10 inches apart,Harvest in 6-10 weeks. Cut before flowers form for best flavour.,"Compatible with (can grow beside): Beans, Onions",,"Usually added to peas, beans or lentils. It has a slightly spicy flavour.",
Savory - winter savory,Savory,https://drive.google.com/file/d/1zqC13NYYl9HXGXtCM0lWEjuXv_jKOV2W/view?usp=sharing,Easy to grow. Start in trays. Cover seed lightly.. Sow seed at a depth approximately three times the diameter of the seed. Best planted at soil temperatures between 64Â°F and 86Â°F. (Show Â°C/cm),Space plants: 12 - 16 inches apart,Harvest in 6-10 weeks. Use the leaves fresh..,Compatible with (can grow beside): Beans,,Can be used as seasoning for beans and other green vegetables.,
Shallots,Eschalots,https://drive.google.com/file/d/1Mq1RBAD4NkNZt1Mlx3F23_a2JpZjK2FF/view?usp=sharing,"Easy to grow. Plant small bulblets, with stem just showing above ground. Best planted at soil temperatures between 46Â°F and 86Â°F. (Show Â°C/cm)",Space plants: 6 - 8 inches apart,Harvest in 12-15 weeks. Keep a few for your next planting.,"Compatible with (can grow beside): Lemon Balm, Borage, Carrots, Beets, Silverbeet, Lettuce, Amaranth","Avoid growing close to: Peas, Beans","Use in any recipe instead of onions. Can be cooked whole, braised gently with other vegetables.",Can be pickled.
Silverbeet,Swiss Chard or Mangold,https://drive.google.com/file/d/1b6tVAiMoaSBrW8vXdx-o-zTjfbrWXyqI/view?usp=sharing,Easy to grow. Sow in garden. Sow seed at a depth approximately three times the diameter of the seed. Best planted at soil temperatures between 50Â°F and 86Â°F. (Show Â°C/cm),Space plants: 6 - 12 inches apart,Harvest in 7-12 weeks.,"Compatible with (can grow beside): Beans, brassica sp. (cabbage, cauliflower, etc), tomato, allium sp. (onion, garlic, chives), lavender, parsnip","Avoid growing close to: Corn, melon, cucurbit (cucumbers, squash, melons, gourds), most herbs, potato.",Wash thoroughly and inspect the back of the leaves for insects. Chop and put in a saucepan with very little water ( or just what is on the leaves). Cover and cook over a low to medium heat until the leaves collapse. A small amount of nutmeg enhances the flavour.,
Snow Peas,"Sugar Peas, Mangetout, Chinese Peas",https://drive.google.com/file/d/1-nuOG3Zh_w3H5VNIex88uPrvunqTHsFG/view?usp=sharing,Easy to grow. Sow in garden. Sow seed at a depth approximately three times the diameter of the seed. Best planted at soil temperatures between 46Â°F and 68Â°F. (Show Â°C/cm),Space plants: 3 - 4 inches apart,Harvest in 12-14 weeks.,"Compatible with (can grow beside): Carrots, Endive, Florence fennel, Winter lettuce, Brassicas.","Avoid growing close to: Chives, Alliums, Tomatoes",Cook whole or eat raw in salads,
Spinach,English spinach,https://drive.google.com/file/d/1G4FJj18DxS9Yj0uzw5x0auAO-HsQj051/view?usp=sharing,Easy to grow. Sow in garden. Sow seed at a depth approximately three times the diameter of the seed. Best planted at soil temperatures between 50Â°F and 77Â°F. (Show Â°C/cm),Space plants: 8 - 12 inches apart,Harvest in 5-11 weeks.,"Compatible with (can grow beside): Broad beans (fava), cabbage, cauliflower, celery, eggplant (aubergine), onion, peas, strawberry, santolina",,Use young leaves in salad. Steam and add to other vegetables.,
Spring onions,"Scallions, Bunching onions, Welsh onion",https://drive.google.com/file/d/1WN4fZUhmeVLNsKTRSu-zLxGVgWEZyo3S/view?usp=sharing,Easy to grow. Sow in garden. Sow seed at a depth approximately three times the diameter of the seed. Best planted at soil temperatures between 50Â°F and 68Â°F. (Show Â°C/cm),Space plants: close together,Harvest in 8-12 weeks.,"Compatible with (can grow beside): Lemon Balm, Borage, Carrots, Beets, Silverbeet, Lettuce, Amaranth","Avoid growing close to: Peas, Beans",Can be eaten raw in salads. Often used chopped and sprinkled on Asian stir-fry.,
Squash,"Crookneck, Pattypan, Summer squash",https://drive.google.com/file/d/1oP9LDbPyEmBPpES99kZkiyPJrBVKQKIO/view?usp=sharing,"Grow in seed trays, and plant out in 4-6 weeks. Sow seed at a depth approximately three times the diameter of the seed. Best planted at soil temperatures between 70Â°F and 95Â°F. (Show Â°C/cm)",Space plants: 24 - 31 inches apart,Harvest in 7-8 weeks.,Compatible with (can grow beside): Sweet corn,,Use whole or sliced. Steam or fry.,
Strawberry Plants,,https://drive.google.com/file/d/1GS6BsuBbo2h4dcw7zcsxHGRnpL7Fg0l7/view?usp=sharing,Easy to grow. Plant with crown (of roots) just covered.. Best planted at soil temperatures between 50Â°F and 68Â°F. (Show Â°C/cm),Space plants: 12 - 39 inches apart,"Harvest in approximately 11 weeks. Strawberries bruise easily when ripe, handle carefully. Pick with a small piece of stem attached..",Compatible with (can grow beside): Better in a bed on their own to allow good sun and air circulation,"Avoid growing close to: If you are using rotation beds, avoid putting strawberries where you have grown tomatoes, potatoes, peppers or eggplant","Pick strawberries and eat them straight from the garden - warm from the sunshine, delicious! Strawberries can be used in any dessert needing soft fruit or berries. Summer pudding which also has raspberries and blackberries or boysenberries, mousse, trifle, dipped in melted chocolate or just with cream. Sprinkle a bowl of strawberries with balsamic vinegar and a little sugar to enhance the flavour and colour.",
Sunflower,,https://drive.google.com/file/d/1L1a-Z9JyH0RWNEMxD4uYlKq7R1Hjn9Yy/view?usp=sharing,Sow in garden. Sow seed at a depth approximately three times the diameter of the seed. Best planted at soil temperatures between 50Â°F and 86Â°F. (Show Â°C/cm),Space plants: 8 - 12 inches apart,Harvest in 10-11 weeks.,"Compatible with (can grow beside): Cucumbers, Melons, Sweetcorn, Squash",Avoid growing close to: Potatoes,Use seeds fresh or toasted,
Sweet corn,Maize,https://drive.google.com/file/d/1WkP2hwfFzDoOJXRhHWBLqrOOekmr9qn4/view?usp=sharing,Sow in garden. Sow seed at a depth approximately three times the diameter of the seed. Best planted at soil temperatures between 61Â°F and 95Â°F. (Show Â°C/cm),Space plants: 8 - 12 inches apart,Harvest in 11-14 weeks.,"Compatible with (can grow beside): All beans, cucumber, melons, peas, pumpkin, squash, amaranth",Avoid growing close to: Celery.,Piick and cook within an hour. Remove the silks and outer leaves. Best flavour if microwave about 4 minutes per cob. Can be barbequed wrapped in foil. Cook large amounts in a stock pot until test soft. Sprinkle with black pepper and dip in butter.,
Sweet Marjoram,Knotted marjoram,https://drive.google.com/file/d/1zqbKjXxIIrCxOW6my2ASPPKrr-3IpIhW/view?usp=sharing,"Grow in seed trays, and plant out in 4-6 weeks. Sow seed at a depth approximately three times the diameter of the seed. Best planted at soil temperatures between 50Â°F and 77Â°F. (Show Â°C/cm)",Space plants: 8 inches apart,Harvest in 8-10 weeks. Best flavour if picked before flowering.,"Compatible with (can grow beside): Peppers (Capsicums, Chilis), Sage,",,"Sweet Marjoram has a mild oregano flavor with a hint of balsam. Sweet Marjoram can be used as a substitute for oregano in sauces for mediterranean style pizza, lasagna, and eggplant parmigiana.",
Sweet Potato,Kumara,https://drive.google.com/file/d/1cm4GFlvDmry9RJDevzWQyQd9NstyHBmn/view?usp=sharing,Plant shoots or cuttings (Slips). Best planted at soil temperatures between 63Â°F and 95Â°F. (Show Â°C/cm),Space plants: 16 - 24 inches apart,Harvest in 15-17 weeks.,Compatible with (can grow beside): Best in Separate bed,,"Use mashed, boiled, roasted, baked or fried. Or use in soups, pies, casseroles, curries and salads.",
Taro,"Dasheen, cocoyam",https://drive.google.com/file/d/1EWvCKTrR-78U-MvKjZz0R46iZ_veyfX-/view?usp=sharing,"Plant small pieces of tuber or suckers, 5-8cm deep. Best planted at soil temperatures between 68Â°F and 95Â°F. (Show Â°C/cm)",Space plants: 31 inches apart,Harvest in approximately 28 weeks. When the leaves begin to die down. .,Compatible with (can grow beside): Best in separate bed,,"Taro can be cooked like potatoes, boiled, roasted, fried or steamed. It is not eaten raw.",
Thyme,Common thyme,https://drive.google.com/file/d/1eGSqvgV2JIlkw9IMh1kcqJF0jcJIa4Sj/view?usp=sharing,Grow in seed trays and plant out 6-8 weeks. Sow seed at a depth approximately three times the diameter of the seed. Best planted at soil temperatures between 59Â°F and 77Â°F. (Show Â°C/cm),Space plants: 10 - 12 inches apart,Harvest in 42-52 weeks. Root divisions ready in 3 months.,"Compatible with (can grow beside): Dry-environment herbs (oregano,sage), Eggplant, Cabbage",,"Common, lemon, orange and caraway thyme are used in cooking. Thyme is mainly used with meat and fish but also tastes good with vegetables such as mushrooms, beans and carrots. The flavour can be very intense so thyme is best used sparingly.",
Tomatillo,,https://drive.google.com/file/d/1Rfu8yXMQQFF1OcZ0ZgVwapHFiL5kMX13/view?usp=sharing,"Easy to grow. Grow in seed trays, and plant out in 4-6 weeks. Sow seed at a depth approximately three times the diameter of the seed. Best planted at soil temperatures between 70Â°F and 81Â°F. (Show Â°C/cm)",Space plants: 28 inches apart,Harvest in 10-14 weeks. Husk splits when fruit is ripe..,Compatible with (can grow beside): Will happily grow in a flower border,,Use in spicy sauces with or to replace tomatoes. They are the base of salsa verde in Mexican cookery.,
Tomato,,https://drive.google.com/file/d/1zjGs7mRqm4CIdtsIs35kKS4H41iqVnUY/view?usp=sharing,"Grow in seed trays, and plant out in 4-6 weeks. Sow seed at a depth approximately three times the diameter of the seed. Best planted at soil temperatures between 61Â°F and 95Â°F. (Show Â°C/cm)",Space plants: 16 - 24 inches apart,Harvest in 8-17 weeks.,"Compatible with (can grow beside): Asparagus, Chervil,Carrot, Celery, Chives, Parsley, Marigold, Basil","Avoid growing close to: Rosemary, Potatoes, Fennel","Use in sauces, with fried meals, in sandwiches.",Can be frozen whole or in pieces.
Turnip,,https://drive.google.com/file/d/1OLdHevHePXb3-UDSAAaTWAGCNxPYEmpi/view?usp=sharing,Easy to grow. Sow in garden. Sow seed at a depth approximately three times the diameter of the seed. Best planted at soil temperatures between 12Â°C and 30Â°C. (Show Â°F/in),Space plants: 12 - 20 cm apart,Harvest in 6-9 weeks.,"Compatible with (can grow beside): Peas, Beans, Chives, Spinach, Carrots, Chicory","Avoid growing close to: Potatoes, Tomatoes",Grate young turnips and use raw in salads. Use older turnips in casseroles and stews.,
Watermelon,,https://drive.google.com/file/d/12Kotqxc-N4VQh7D5I_MpDUn_AOgoQDZ3/view?usp=sharing,"Grow in seed trays, and plant out in 4-6 weeks. Sow seed at a depth approximately three times the diameter of the seed. Best planted at soil temperatures between 70Â°F and 95Â°F. (Show Â°C/cm)",Space plants: 24 - 30 inches apart,Harvest in 12-17 weeks.,"Compatible with (can grow beside): Sweetcorn, Sunflowers",Avoid growing close to: Potatoes,Cut up and eat in slices. Use to make fruit drinks. Use in fruit salads.,